﻿--
-- Script was generated by Devart dbForge Studio for MySQL, Version 8.0.40.0
-- Product home page: http://www.devart.com/dbforge/mysql/studio
-- Script date 26/05/2020 15:14:35
-- Server version: 5.5.5-10.1.40-MariaDB
-- Client version: 4.1
--

-- 
-- Disable foreign keys
-- 
/*!40014 SET @OLD_FOREIGN_KEY_CHECKS=@@FOREIGN_KEY_CHECKS, FOREIGN_KEY_CHECKS=0 */;

-- 
-- Set SQL mode
-- 
/*!40101 SET @OLD_SQL_MODE=@@SQL_MODE, SQL_MODE='NO_AUTO_VALUE_ON_ZERO' */;

-- 
-- Set character set the client will use to send SQL statements to the server
--
SET NAMES 'utf8';

--
-- Set default database
--
USE lasrecetucas;

--
-- Drop table `comentan`
--
DROP TABLE IF EXISTS comentan;

--
-- Drop table `comentarios`
--
DROP TABLE IF EXISTS comentarios;

--
-- Drop table `consultan`
--
DROP TABLE IF EXISTS consultan;

--
-- Drop table `usuarios`
--
DROP TABLE IF EXISTS usuarios;

--
-- Drop table `contienen`
--
DROP TABLE IF EXISTS contienen;

--
-- Drop table `ingredientes`
--
DROP TABLE IF EXISTS ingredientes;

--
-- Drop table `dificultad`
--
DROP TABLE IF EXISTS dificultad;

--
-- Drop table `pasos`
--
DROP TABLE IF EXISTS pasos;

--
-- Drop table `recetas`
--
DROP TABLE IF EXISTS recetas;

--
-- Drop table `categorias`
--
DROP TABLE IF EXISTS categorias;

--
-- Set default database
--
USE lasrecetucas;

--
-- Create table `categorias`
--
CREATE TABLE categorias (
  id_categorias int(11) NOT NULL AUTO_INCREMENT,
  nombre varchar(20) DEFAULT NULL,
  PRIMARY KEY (id_categorias)
)
ENGINE = INNODB,
AUTO_INCREMENT = 13,
AVG_ROW_LENGTH = 1365,
CHARACTER SET latin1,
COLLATE latin1_swedish_ci;

--
-- Create table `recetas`
--
CREATE TABLE recetas (
  id_recetas int(11) NOT NULL AUTO_INCREMENT,
  nombre varchar(50) DEFAULT NULL,
  duracion varchar(20) DEFAULT NULL,
  id_categorias int(11) DEFAULT NULL,
  PRIMARY KEY (id_recetas)
)
ENGINE = INNODB,
AUTO_INCREMENT = 13,
AVG_ROW_LENGTH = 1365,
CHARACTER SET latin1,
COLLATE latin1_swedish_ci;

--
-- Create foreign key
--
ALTER TABLE recetas
ADD CONSTRAINT fk_recetas_categorias FOREIGN KEY (id_categorias)
REFERENCES categorias (id_categorias);

--
-- Create table `pasos`
--
CREATE TABLE pasos (
  id_pasos int(11) NOT NULL AUTO_INCREMENT,
  numero_pasos int(20) DEFAULT NULL,
  descripcion varchar(5000) DEFAULT NULL,
  id_recetas int(11) DEFAULT NULL,
  PRIMARY KEY (id_pasos)
)
ENGINE = INNODB,
AUTO_INCREMENT = 50,
AVG_ROW_LENGTH = 1092,
CHARACTER SET latin1,
COLLATE latin1_swedish_ci;

--
-- Create foreign key
--
ALTER TABLE pasos
ADD CONSTRAINT fk_recetas_pasos FOREIGN KEY (id_recetas)
REFERENCES recetas (id_recetas);

--
-- Create table `dificultad`
--
CREATE TABLE dificultad (
  id int(11) NOT NULL AUTO_INCREMENT,
  id_recetas int(11) DEFAULT NULL,
  dificultad varchar(20) DEFAULT NULL,
  PRIMARY KEY (id)
)
ENGINE = INNODB,
AUTO_INCREMENT = 13,
AVG_ROW_LENGTH = 1489,
CHARACTER SET latin1,
COLLATE latin1_swedish_ci;

--
-- Create foreign key
--
ALTER TABLE dificultad
ADD CONSTRAINT fk_recetas_dificultad FOREIGN KEY (id)
REFERENCES recetas (id_recetas);

--
-- Create table `ingredientes`
--
CREATE TABLE ingredientes (
  id_ingredientes int(11) NOT NULL AUTO_INCREMENT,
  nombre varchar(50) DEFAULT NULL,
  PRIMARY KEY (id_ingredientes)
)
ENGINE = INNODB,
AUTO_INCREMENT = 63,
AVG_ROW_LENGTH = 268,
CHARACTER SET latin1,
COLLATE latin1_swedish_ci;

--
-- Create table `contienen`
--
CREATE TABLE contienen (
  id_contienen int(11) NOT NULL AUTO_INCREMENT,
  id_ingredientes int(11) DEFAULT NULL,
  id_recetas int(11) DEFAULT NULL,
  cantidad varchar(50) DEFAULT NULL,
  PRIMARY KEY (id_contienen)
)
ENGINE = INNODB,
AUTO_INCREMENT = 111,
AVG_ROW_LENGTH = 162,
CHARACTER SET latin1,
COLLATE latin1_swedish_ci;

--
-- Create index `uk_contienen` on table `contienen`
--
ALTER TABLE contienen
ADD UNIQUE INDEX uk_contienen (id_ingredientes, id_recetas);

--
-- Create foreign key
--
ALTER TABLE contienen
ADD CONSTRAINT fk_contienen_pasos FOREIGN KEY (id_ingredientes)
REFERENCES ingredientes (id_ingredientes);

--
-- Create foreign key
--
ALTER TABLE contienen
ADD CONSTRAINT fk_recetas_contienen FOREIGN KEY (id_recetas)
REFERENCES recetas (id_recetas);

--
-- Create table `usuarios`
--
CREATE TABLE usuarios (
  id_usuarios int(11) NOT NULL AUTO_INCREMENT,
  nombre_usuario varchar(20) DEFAULT NULL,
  email varchar(30) DEFAULT NULL,
  nombre varchar(20) DEFAULT NULL,
  apellidos varchar(40) DEFAULT NULL,
  fecha_nacimiento date DEFAULT NULL,
  PRIMARY KEY (id_usuarios)
)
ENGINE = INNODB,
AUTO_INCREMENT = 2,
CHARACTER SET latin1,
COLLATE latin1_swedish_ci;

--
-- Create table `consultan`
--
CREATE TABLE consultan (
  id_consultan int(11) NOT NULL AUTO_INCREMENT,
  id_usuarios int(11) DEFAULT NULL,
  id_recetas int(11) DEFAULT NULL,
  PRIMARY KEY (id_consultan)
)
ENGINE = INNODB,
CHARACTER SET latin1,
COLLATE latin1_swedish_ci;

--
-- Create index `uk_consultan` on table `consultan`
--
ALTER TABLE consultan
ADD UNIQUE INDEX uk_consultan (id_usuarios, id_recetas);

--
-- Create foreign key
--
ALTER TABLE consultan
ADD CONSTRAINT fk_consultan_recetas FOREIGN KEY (id_recetas)
REFERENCES recetas (id_recetas);

--
-- Create foreign key
--
ALTER TABLE consultan
ADD CONSTRAINT fk_consultan_usuarios FOREIGN KEY (id_usuarios)
REFERENCES usuarios (id_usuarios);

--
-- Create table `comentarios`
--
CREATE TABLE comentarios (
  id_comentarios int(11) NOT NULL AUTO_INCREMENT,
  likes int(11) DEFAULT NULL,
  descripcion varchar(500) DEFAULT NULL,
  PRIMARY KEY (id_comentarios)
)
ENGINE = INNODB,
CHARACTER SET latin1,
COLLATE latin1_swedish_ci;

--
-- Create table `comentan`
--
CREATE TABLE comentan (
  id_comentarios int(11) NOT NULL AUTO_INCREMENT,
  id_usuarios int(11) DEFAULT NULL,
  id_recetas int(11) DEFAULT NULL,
  PRIMARY KEY (id_comentarios),
  UNIQUE INDEX uk_comentan_recetas (id_recetas, id_comentarios),
  UNIQUE INDEX uk_comentan_recetas_comentarios_usuarios (id_usuarios, id_recetas, id_comentarios)
)
ENGINE = INNODB,
CHARACTER SET latin1,
COLLATE latin1_swedish_ci;

--
-- Create index `uk_comentan_usuarios` on table `comentan`
--
ALTER TABLE comentan
ADD UNIQUE INDEX uk_comentan_usuarios (id_recetas, id_usuarios);

--
-- Create foreign key
--
ALTER TABLE comentan
ADD CONSTRAINT fk_comentan_comentarios FOREIGN KEY (id_comentarios)
REFERENCES comentarios (id_comentarios);

--
-- Create foreign key
--
ALTER TABLE comentan
ADD CONSTRAINT fk_comentan_recetas FOREIGN KEY (id_recetas)
REFERENCES recetas (id_recetas);

--
-- Create foreign key
--
ALTER TABLE comentan
ADD CONSTRAINT fk_comentan_usuarios FOREIGN KEY (id_usuarios)
REFERENCES usuarios (id_usuarios);

-- 
-- Dumping data for table categorias
--
INSERT INTO categorias VALUES
(1, 'Postres'),
(2, 'Arroces'),
(3, 'Picoteo'),
(4, 'Carnes'),
(5, 'Cremas y Sopas'),
(6, 'Ensaladas'),
(7, 'Huevos'),
(8, 'Pasta y Pizza'),
(9, 'Pescado y Marisco'),
(10, 'Potaje y Legumbre'),
(11, 'Setas y Hongos'),
(12, 'Verdura y Hortalizas');

-- 
-- Dumping data for table ingredientes
--
INSERT INTO ingredientes VALUES
(1, 'Huevos'),
(2, 'Pimiento Rojo'),
(3, 'Pimiento Verde'),
(4, 'Zanahoria'),
(5, 'Cebolla'),
(6, 'Champiñones'),
(7, 'Tomate'),
(8, 'Aceite de Oliva'),
(9, 'Sal'),
(10, 'Leche'),
(11, 'Mantequilla'),
(12, 'Cebolleta'),
(13, 'Harina'),
(14, 'Huevos Cocidos'),
(15, 'Jamón Ibérico'),
(16, 'Arroz para Risotto'),
(17, 'Setas Variadas'),
(18, 'Vino Blanco'),
(19, 'Ajo'),
(20, 'Queso Parmigiano'),
(21, 'Pimienta'),
(22, 'Caldo de Verduras'),
(23, 'Carne de Ternera Picada'),
(24, 'Nuez Moscada'),
(25, 'Perejil'),
(26, 'Pan de Molde'),
(27, 'Puerro'),
(28, 'Calabacín'),
(29, 'Hoja de Laurel'),
(30, 'Patata'),
(31, 'Nata para Cocinar'),
(32, 'Cebollino'),
(33, 'Pimienta Blanca'),
(34, 'Zumo de limón'),
(35, 'Mayonesa'),
(36, 'Mostaza Dijon'),
(37, 'Miel'),
(38, 'Apio'),
(39, 'Manzana'),
(40, 'Nueces'),
(41, 'Pasas'),
(42, 'Pechuga de Pollo'),
(43, 'Mezclum de Lechugas'),
(44, 'Spaguettis'),
(45, 'Mejillones'),
(46, 'Almejas'),
(47, 'Gambas'),
(48, 'Calamares'),
(49, 'Guindilla'),
(50, 'Azúcar'),
(51, 'Lubina'),
(52, 'Queso Crema'),
(53, 'Pimentón Dulce'),
(54, 'Alubia Blanca'),
(55, 'Morcilla'),
(56, 'Panceta'),
(57, 'Costilla de Cerdo'),
(58, 'Hueso de Jamón'),
(59, 'Chorizo'),
(60, 'Berza'),
(61, 'Chipirones'),
(62, 'Salmón');

-- 
-- Dumping data for table usuarios
--
INSERT INTO usuarios VALUES
(1, 'Frank_g0', 'fragosu@gmail.com', 'Francisco', 'Gómez Suárez', '1985-03-21');

-- 
-- Dumping data for table recetas
--
INSERT INTO recetas VALUES
(1, 'Tortilla de Verduras', '25 minutos', 7),
(2, 'Croquetas de Jamón Ibérico', '3 horas', 3),
(3, 'Risotto de Setas ', '40 minutos', 2),
(4, 'Albóndigas de Ternera', '90 minutos', 4),
(5, 'Crema de Puerros', '35 minutos', 5),
(6, 'Ensalada Waldorf', '20 minutos', 6),
(7, 'Espaguetis de Marisco', '50 minutos', 8),
(8, 'Lubina al Horno', '60 minutos', 9),
(9, 'Tarta de Queso al Horno', '60 minutos', 1),
(10, 'Cocido Montañés', '120 minutos', 10),
(11, 'Chipirones Rellenos Encebollados', '45 minutos', 11),
(12, 'Calabacín Relleno de Verduras y Salmón', '30 minutos', 12);

-- 
-- Dumping data for table comentarios
--
-- Table lasrecetucas.comentarios does not contain any data (it is empty)

-- 
-- Dumping data for table pasos
--
INSERT INTO pasos VALUES
(1, 1, 'Lava muy bien las verduras. Utiliza la picadora o el cuchillo para trocear la cebolla y dejarla muy finas. Haz cuadritos muy pequeños con los pimientos, los champiñones y los tomates y ralla la zanahoria. ', 1),
(2, 2, 'En una sartén con aceite, saltea las verduras por este orden: añade primero la cebolla, los pimientos, después la zanahoria y por último el tomate y los champiñones. Remueve hasta que las verduras estén tiernas –pero no demasiado blandas, pues perderían colorido- mientras bates los huevos en un bol.', 1),
(3, 3, 'Vierte el contenido de la sartén en el bol y mézclalo bien todo. Añade ahora la sal. Finalmente, haz la tortilla en una sartén con poco aceite, echando la mezcla cuando el aceite esté bien caliente. Baja el fuego y cocina unos cinco minutos por cada lado.', 1),
(4, 1, 'Empezamos echando en una cazuela una cucharada sopera de agua y toda la leche. Se reduce a fuego muy muy suave, hirviendo despacio, hasta que de los tres litros de leche queden en dos. Cuando lo tengamos, reservamos.', 2),
(5, 2, 'Después, se funde la mantequilla con el aceite en una cazuela y añadimos la cebolleta. Sofreímos hasta que esté tierna (unos 10 minutos, más o menos). Incorporamos la harina y lo mezclamos todo bien. A continuación, cocemos cinco minutos a fuego medio (sin que coja color). Lo dejamos enfriar durante más de 30 minutos y le incorporamos la leche caliente. Ten en cuenta que si se enfrió, debemos volver a calentar. Es muy importante hacerlo con el fuego muy suave (mínimo), añadiendo la leche caliente poco a poco y mezclándolo sin parar con unas varillas o con una cuchara de madera para evitar que se formen grumos. Luego dejamos cocer la bechamel unos 12 minutos.  Lo retiramos del fuego, añadimos el huevo y el Jamón Ibérico. Debemos integrarlos muy bien. Y después, rectificarlo de sal. ', 2),
(6, 3, 'Una vez que tenemos la masa de nuestras croquetas, la volcamos en una bandeja forrada con papel de horno (vegetal) y untada con un poco de aceite. Cubrimos la mezcla con papel film para que la superficie no haga costra. La dejamos enfriar y la refrigeramos durante 12 horas.', 2),
(7, 4, 'Cuando haya pasado este tiempo, empezamos a bolear las croquetas untándonos las manos con un poco de aceite. Si es posible, dejamos enfriar las bolas en la nevera otras tres horas antes de empanarlas, pasándolas por harina, huevo batido y pan rallado. ', 2),
(8, 5, 'Por último, para conseguir un resultado perfecto, debemos freírlas en abundante aceite de oliva bien caliente. Y… ¡a disfrutarlas!', 2),
(9, 1, 'Lo primero que necesitamos es caldo de verduras, podemos realizarlo casero o comprarlo. Si nos decantamos por la primera opción, limpiamos y picamos en cuartos las verduras. En una cazuela, echamos 1,5 litros de agua y hervimos. Añadimos las verduras, salamos a nuestro gusto y cocinamos al menos 30 minutos, a fuego medio.', 3),
(10, 2, 'Con un papel de cocina, limpiamos el sombrero de los champiñones y portobellos. Cortamos la parte inferior del tallo, que suele traer algo de tierra. Los laminamos y cortamos también las setas de cultivo en pequeños trozos (de similar tamaño). Tened en cuenta que luego en la cazuela disminuirán mucho su tamaño.', 3),
(11, 3, 'Cortamos la cebolla muy  fina, y la pochamos en un sartén grande (o una cazuela ancha y plana) con aceite de oliva virgen extra. Cuando vemos que está casi transparente, añadimos una nuez de mantequilla (20 gramos), que mezclamos bien con el aceite. Procurad que la cebolla no se os queme.', 3),
(12, 4, 'Vamos ahora a tostar el arroz. Lo repartimos por toda la cazuela, mezclamos con el resto y dejamos que se cocine 2-3 minutos. Vertemos el vino blanco, removemos ligeramente y dejamos que se evapore el alcohol.', 3),
(13, 5, 'Picamos el diente de ajo bien finito. En una sartén aparte, con un poco de aceite de oliva y añadimos todas las setas. Tapamos y dejamos cocinar a fuego medio unos 5 minutos. Salamos al gusto. Pasamos las setas, con el jugo que han soltado, a la cazuela del arroz. Mezclamos bien, echamos un cucharón de caldo de verduras y comenzamos a remover el arroz, en movimientos continuados (en círculo). En el momento que veáis que el caldo esté casi consumido, añadimos un nuevo cucharón, y volvemos a remover el arroz. Este proceso lo vamos a repetir varias, añadiendo más caldo, pero siempre procurando que nunca llegue a quedarse sin líquido.', 3),
(14, 6, 'En los paquetes de este tipo de arroz italiano, marcan el tiempo de cocción recomendado. En este caso, el arroz arborio se hará en 15-16 minutos. Lo ideal es que el arroz quede “al dente”, ligeramente duro. Aunque aquí cada uno puede cocinarlo un poco más en función de sus gustos.', 3),
(15, 7, 'Cuando llegamos al punto óptimo de cocción del arroz, toca darle el toque final de cremosidad. Retiramos la cazuela del fuego. Añadimos una nuez de mantequilla (20 gr.amos) y 100 g.ramos de queso Parmigiano Reggiano rallado. Removemos con movimientos envolventes para que se vaya fundiendo el queso, y el arroz vaya adquiriendo cremosidad.', 3),
(16, 1, 'Picamos fina media cebolla y la rehogamos lentamente en la mantequilla hasta que se ponga transparente. En un bol mezclamos la carne picada con la cebolla pochada, el huevo batido, el perejil, un diente de ajo triturado, la rebanada de pan desmenuzada, la sal, nuez moscada molida y la pimienta, hasta que se integre bien la masa. No lo tritures todo demasiado para que las albóndigas conserven su textura.', 4),
(17, 2, 'Formamos las albóndigas no muy grandes, las pasamos por harina y las sellamos bien por todos lados en un fondo de aceite caliente en una cazuela con la hoja de laurel. Las retiramos y reservamos.', 4),
(18, 3, 'En ese mismo aceite vamos a hacer la salsa de verduras. Añadimos algo más de aceite si es necesario. Rehogamos a la vez la media cebolla, el puerro, zanahoria, ajo y pimiento bien limpios y picados. Cuando tomen color añadimos el calabacín en daditos y un par de minutos después el tomate pelado y picado.', 4),
(19, 4, 'En cuando la salsa espese y tome color volvemos a poner las albóndigas y el vino, sazonamos y dejamos que se haga el guiso entre 20 y 30 minutos hasta que la salsa esté consistente y reducida, añadiendo más líquido si es necesario (puede ser agua o caldo de verduras). Es conveniente que el guiso repose y se asiente un poco antes de servir.', 4),
(20, 1, 'Limpiamos bien los puerros. En esta ocasión solo utilizaremos la parte blanca de los puerros, por lo que cortaremos por la zona anterior a las hojas, donde apreciamos que el tallo empieza a tener un tono verde. Retiramos también la parte inferior o raíz, donde tiene esa especie de “bigotes”. La parte sobrante no la tiréis, podéis aprovechar las hojas para añadirlas a un caldo de verduras y el tallo en un sofrito. Pasamos los tallos blancos por agua debajo del grifo para limpiarlos y quitarles algún resto de tierra o suciedad que traigan.  Los cortamos longitudinalmente en dos mitades y luego los troceamos en porciones de unos 2-3 cm de grosor. Reservamos.', 5),
(21, 2, 'Pelamos las patatas, las lavamos y las “cascamos” en dados (tamaño similar a los trozos de puerro) sobre el puerro. De esta manera conseguimos que suelten más almidón y la crema resulte luego más espesa y homogénea. Mezclamos y rehogamos un par de minutos. Vertemos un poco de aceite de oliva virgen extra y la mantequilla en una cazuela. En cuanto esté caliente añadimos los puerros que previamente hemos cortado en rodajas. Los rehogamos teniendo la precaución de que el puerro quede blanco, a ser posible sin nada de color tostado. Si hace falta lo rehogamos a temperatura baja.', 5),
(22, 3, 'Añadimos el caldo de pollo, ave o verduras y cocemos los ingredientes durante unos 30 minutos aproximadamente. Después lo trituramos con una batidora o vaso americano y dejamos enfriar. Lo mejor es meterlo en la nevera durante una o dos horas.', 5),
(23, 4, 'Cuando esté bien frío vertemos la nata y volvemos a mezclar, con 1 minuto es suficiente. Probamos y si es necesario rectificamos de sal y pimienta. Dejamos enfriar unas horas en la nevera, recordad que como mejor está es muy fresquita. Una vez bien fría, servimos en la mesa y decoramos con unas tiras de jamón en el cuenco, plato o tazón de cada comensal.', 5),
(24, 1, 'Empezamos con la salsa, es muy sencilla. Lo primero es lavar el limón, lo vamos a emplear todo, su piel y el zumo. Rallamos toda la superficie y hacemos zumo con limón. Reservamos. Como ya tenemos la base preparada. Removemos todo hasta que se integre el sabor ácido del cítrico. Este sabor contrarresta de maravilla con la manzana y el apio. Añadimos la nata líquida poco a poco hasta que quede bien ligada. A continuación incorporamos la mostaza y la pizca de azúcar o la cucharadita de miel. Debe quedar espesa pero que sea fácil de mezclar con el resto de ingredientes.', 6),
(25, 2, 'Tostamos un poco las nueces y los piñones en una sartén teniendo cuidado para que no se nos quemen ya que podrían amargar el sabor de la ensalada. Troceamos las nueces con la mano o un cuchillo para que no sean pedazos grandes. Serán más o menos del tamaño de las uvas pasas. Pelamos la manzana, la descorazonamos y la partimos en dados de medio centímetro más o menos. El apio irá con el mismo tamaño que los trocitos de manzana.  Colocamos todo en un cuenco mediano y rociamos con el zumo de limón para que no se oxide. Mezclamos bien para que se empape del ácido del medio limón.', 6),
(26, 3, 'Pelamos el apio con un pelador de verduras. Lo cortamos también en dados, un poquito más pequeños que la manzana. El apio debe ir sin las fibras que no moleste luego a la hora de comer la ensalada. El apio es el que dará potencia y      sabor a la ensalada, pensaréis que el apio crudo no queda bien. Pero os equivocáis, dará crujiente, a la vez se intuirá y os sorprenderá. Añadimos los trozos al cuenco con la manzana. ', 6),
(27, 4, 'Echamos las nueces, los piñones y las uvas pasas (sin pepitas) a la salsa. Por último hacemos las pechugas de pollo a la plancha. Que queden jugosas, vuelta y vuelta, sin que quede cruda. Podéis ayudaros con unas gotas de aceite de oliva virgen extra para que se hagan antes. Una vez hechas salpimentamos y las dejamos enfriar. Posteriormente cortamos en dados del mismo tamaño que los de la manzana.', 6),
(28, 5, 'Añadimos todo a la salsa Waldorf y salpimentamos. Removemos muy bien hasta que se junten todos los sabores. Probamos por si necesitase un punto más salado. Ya tenemos nuestra ensalada lista.', 6),
(29, 1, 'Ponemos las almejas a remojo en agua salada no menos de 2 horas. Este proceso hará que las almejas sueltes arenas e impurezas que puedan tener en su interior. Lavamos bajo el grifo, escurrimos y reservamos. Lavamos los mejillones bajo el grifo para eliminar restos de arenas. Reservamos.  Retiramos las cabezas y las pieles de las gambas. Procuramos eliminar la tripa con una incisión a lo largo del lomo o simplemente tirando de ella. Reservamos. Lavamos los calamares retirando las vísceras de su interior. Los secamos ligeramente con papel de cocina para eliminar la humedad y los cortamos en anillos. Reservamos.', 7),
(30, 2, 'Pelamos los tomates, les retiramos las semillas y los cortamos en daditos. Reservamos.   En una cazuela calentamos un chorrito de aceite de oliva e incorporamos uno de los dientes de ajo, entero y pelado. Cuando empiece a dorarse el ajo, añadimos las almejas y los mejillones a la cazuela. Regamos con el vino blanco, tapamos la cazuela y cocinamos 5 minutos, hasta que se abran los moluscos. Una vez que los moluscas se han abiertos, escurrimos reservando y colando el caldo resultante. Retiramos las almejas y mejillones de sus cáscaras y reservamos.', 7),
(31, 3, 'En una cazuela amplia calentamos un chorrito de aceite de oliva virgen extra. Añadimos el resto de ajos picados con la guindilla y doramos unos minutos. Incorporamos el tomate troceado, el azúcar y la sal y cocinamos  5 minutos. Añadimos los calamares y cocinamos 5 minutos más. Incorporamos las gambas peladas y el perejil picado e integramos bien. Regamos con 1 vaso del caldo que hemos reservado de la cocción de las almejas y los mejillones. Continuamos cocinando la salsa 10 minutos más. Incorporamos almejas y mejillones y reservamos.', 7),
(32, 4, 'Mientras se cocina la salsa vamos a proceder a cocer la pasta. Ponemos una cazuela con agua y sal y, en el momento en que empiece a hervir, añadimos los spaghetti. Cocinamos la pasta 2 minutos menos de lo que indica el paquete. Su cocción se rematará después con la salsa. En este caso reducimos la cocción de 8 a 6 minutos. Pasados los 6 minutos, escurrimos la pasta y la volcamos en la cazuela donde ya tendremos la salsa lista. Continuamos la cocción de la pasta en la cazuela de la salsa con el caldo de moluscos que hemos añadido, que acabarán absorbiendo.', 7),
(33, 1, 'A la hora de comprar la o las lubinas, debemos decirle al pescadero/a cómo la queremos. En este caso para hacer al horno deben ser lubinas enteras. Limpias de tripas y escamas, pero que no le realicen cortes ya que si lo hacen se te secará. Es mejor que la piel esté entera. Ellos son los profesionales, sabrán perfectamente darte el mejor producto.', 8),
(34, 2, 'Precalentamos el horno a 200º C. Pelamos y cortamos la cebolla en medios aros de medio centímetro de espesor como máximo. También pelamos el diente de ajo y reservamos. Pelamos y laminamos las patatas en rodajas de menos de un centímetro. En una fuente refractaria o en la bandeja del horno, extendemos un chorro de aceite de oliva virgen extra con la ayuda de un pincel de silicona o similar. Disponemos una capa de la cebolla troceada y sobre ésta, otra capa con las rodajas de patata. Salamos, espolvoreamos pimienta negra recién molida por encima del pescado.', 8),
(35, 3, 'Machacamos el ajo en un buen chorro de aceite de oliva virgen extra y repartimos ese líquido por encima de la lubina. La cantidad de aceite no más de 20 mililitros de aceite de oliva virgen extra. Metemos en el horno en la parte central del horno durante unos 25 minutos.  Al pasar el tiempo (o cuando las patatas están doradas, lo que suceda antes), sacamos la fuente. Primero hacemos la cebolla y las patatas. No lo introduzcas todo al mismo tiempo en el horno, porque el tiempo que requiere la lubina es mucho menor que el de otros ingredientes, que tienen que estar bien hechos.', 8),
(36, 4, 'Recordad la proporción de 20 minutos por kilo de pescado. El truco de examinar el ojo, cuando se ponga blanco es que ya está hecho el pescado. Es importante no abrir el horno durante la cocción. Ya que debemos mantener la temperatura constante para que nos salga perfecto.  Colocamos la lubina sobre las patatas, la bañamos con un vaso de vino blanco. Podemos poner algo de PX, Oporto o similar, para dar más sabor. Aderezamos con un poco de perejil fresco picado, sal, pimienta negra o blanca y aceite de oliva virgen extra. Volvemos a meter la fuente en el horno durante otros 25 minutos, vigilando que la lubina no se haga en exceso. Para servir, cortamos la lubina con la ayuda de un cuchillo o una espátula.', 8),
(37, 1, 'Pesamos y juntamos en un bol todos los ingredientes. Batimos hasta homogeneizar.', 9),
(38, 2, 'Vertemos en un molde desmontable bien forrado con papel de horno para que no se pegue la tarta; el papel de forrar la pared debe sobresalir algo de la altura de un molde normal, que son unos 7 cm.', 9),
(39, 3, 'Cocemos 40 minutos en el horno a 215º-220º (según la caña que dé vuestro horno) con calor arriba y abajo, en una bandeja en la parte inferior del horno. Cuando esté cuajada la tarta (cuidado, crece bastante, aunque vuelve a bajar), dejamos la puerta del horno entreabierta para que se enfríe lentamente. Una vez fría, la metemos en la nevera hasta el día siguiente para que se asiente.', 9),
(40, 1, 'Se ponen las alubias a remojo en agua fría la noche anterior. Limpiar bien todas las carnes. Limpiar la berza, quitarle los troncos y cortarla en juliana, en trozos pequeños. Ponemos a cocer la berza en una cazuela aproximadamente durante una hora, o en menos tiempo si la cocemos en una olla a presión.', 10),
(41, 2, 'En otra cazuela, se ponen a cocer las alubias con agua fría, se deja que den un hervor y se tira esa primera agua, se vuelven a cubrir de agua fría y se ponen a cocer con todos los ingredientes del cerdo enteros (compango), menos la morcilla, para que se hagan lentamente.', 10),
(42, 3, 'Pelar, lavar y trocear las patatas. Reservar en agua para que no se pongan negras. Cuando estén cocidas las alubias, retirar las carnes añadidas a las alubias, para incorporarlas cortadas al final. Añadir las patatas, la morcilla entera (pincharla con un tenedor para que no se reviente) y la berza. ', 10),
(43, 4, 'Freír en una sartén con el aceite de oliva los dientes de ajo troceados, separar del fuego y añadir el pimentón, agregar al cocido. Dejamos cocer todo junto a fuego lento durante una media hora. Poner la sal necesaria. Apagar el cocido y añadir el compango y la morcilla troceados. Servir poniendo en cada plato cocido y un trozo de cada una de las partes que componen el compango por persona.', 10),
(44, 1, 'Realizamos el relleno con 125 gr. de setas, 1 cebolla, ½ pimiento, 1 diente de ajo, 50 ml. de vino blanco, aceite de oliva, pimienta y sal, al gusto. Lo primero que debemos hacer es limpiar los chipirones muy bien. Reservamos.  Hacemos lo mismo con la seta: las enjuagamos y escurrimos. En una sartén sofreímos la cebolla y el pimiento del relleno con unas gotas de aceite. Añadimos el diente de ajo pelado y picado. Incorporamos las setas partidas en trozos. Removemos y vertemos el vino blanco. Dejamos que se evapore el alcohol y dejamos hasta que se consuma todo el caldo. Salpimentamos al gusto.', 11),
(45, 2, 'Cuando se enfríe este sofrito, rellenamos los chipirones y los cerramos con un palillo. Los salpimentamos un poco y doramos en una sartén con aceite de oliva.', 11),
(46, 3, 'Retiramos y en ese mismo aceite sofreímos la cebolla cortada en tiras, el tomate pelado y cortado. Cuando se esté sofriendo, añadimos de nuevo los chipirones rellenos y el vino blanco. Dejamos unos 10 minutos y ¡listo! Servimos espolvoreando un poco de perejil picado y a disfrutar de este plato.', 11),
(47, 1, 'Lava los calabacines, despúntalos y pélalos parcialmente. Córtalos por la mitad, vacíalos y reserva la pulpa. Escáldalos 2 minutos en agua y escúrrelos. Limpia los champiñones, lávalos y trocéalos. Lava el salmón y pártelo en daditos.', 12),
(48, 2, 'Macera el pescado 30 minutos en la nevera con el zumo y 1 diente de ajo pelado. Raspa la zanahoria, lávala y pártela en daditos. Pela el otro ajo y la cebolla, y pícalos. Dóralos 5 minutos con un fondo de aceite.', 12),
(49, 3, 'Añade la zanahoria, los champiñones y la pulpa del calabacín. Vierte el vino, salpimienta y deja reducir. Saltea el salmón 4 minutos en unas gotas de aceite y salpimiéntalo. Rellena los calabacines con la verdura y el salmón. Sírvelos espolvoreados con cebollino lavado y picado.', 12);

-- 
-- Dumping data for table dificultad
--
INSERT INTO dificultad VALUES
(1, 1, 'Media-fácil'),
(2, 2, 'Media'),
(3, 3, 'Media-fácil'),
(4, 4, 'Media-fácil'),
(5, 5, 'Fácil'),
(6, 6, 'Fácil'),
(7, 7, 'Media'),
(8, 8, 'Fácil'),
(9, 9, 'Media-fácil'),
(10, 10, 'Media-fácil'),
(11, 11, 'Media'),
(12, 12, 'Fácil');

-- 
-- Dumping data for table contienen
--
INSERT INTO contienen VALUES
(1, 1, 1, '6 ud.'),
(2, 2, 1, '50 gr.'),
(3, 3, 1, '50 gr.'),
(4, 4, 1, '1 ud.'),
(5, 5, 1, '1/2 ud.'),
(6, 6, 1, '100 gr.'),
(7, 7, 1, '1 ud.'),
(8, 8, 1, '15 ml.'),
(9, 9, 1, '5 gr.'),
(10, 10, 2, '3 l.'),
(11, 11, 2, '80 gr.'),
(12, 12, 2, '100 gr.'),
(13, 13, 2, '225 gr.'),
(14, 14, 2, '3 ud.'),
(15, 15, 2, '300 gr.'),
(16, 8, 2, '80 ml.'),
(17, 9, 2, '5 gr.'),
(18, 16, 3, '320 gr.'),
(19, 17, 3, '400 gr.'),
(20, 5, 3, '1 ud.'),
(21, 11, 3, '40 gr.'),
(22, 18, 3, '250 ml.'),
(23, 19, 3, '1 diente'),
(24, 20, 3, '100 gr.'),
(25, 8, 3, '50 ml.'),
(26, 9, 3, '5 gr.'),
(27, 21, 2, '5 gr.'),
(28, 22, 3, '1 l.'),
(29, 23, 4, '400 gr.'),
(30, 19, 4, '2 dientes'),
(31, 5, 4, '1 ud.'),
(32, 11, 4, '15 gr.'),
(33, 1, 4, '1 ud.'),
(34, 9, 4, '5 gr.'),
(35, 24, 4, '2 gr.'),
(36, 25, 4, '15 gr.'),
(37, 13, 4, '50 gr.'),
(38, 26, 4, '1 ud.'),
(39, 10, 4, '10 ml.'),
(40, 27, 4, '1 ud.'),
(41, 2, 4, '50 gr.'),
(42, 3, 4, '50 gr.'),
(43, 4, 4, '1 ud.'),
(44, 7, 4, '1 ud.'),
(45, 28, 4, '100 gr.'),
(46, 18, 4, '150 ml.'),
(47, 21, 4, '5 gr.'),
(48, 8, 4, '15 ml.'),
(49, 29, 4, '1 ud.'),
(50, 27, 5, '500 gr.'),
(51, 30, 5, '250 gr.'),
(52, 22, 5, '1 l.'),
(53, 31, 5, '150 ml.'),
(54, 11, 5, '100 gr.'),
(55, 8, 5, '15 ml.'),
(56, 32, 5, '10 gr. (decorar)'),
(57, 15, 5, '10 gr. (decorar)'),
(58, 9, 5, '5 gr.'),
(59, 33, 5, '5 gr.'),
(60, 35, 6, '250 gr.'),
(61, 34, 6, '15 ml.'),
(62, 36, 6, '10 gr.'),
(63, 37, 6, '15 gr.'),
(64, 38, 6, '150 gr.'),
(65, 39, 6, '2 ud.'),
(66, 40, 6, '100 gr.'),
(67, 41, 6, '70 gr.'),
(68, 42, 6, '250 gr.'),
(69, 43, 6, '150 gr.'),
(70, 31, 6, '20 ml.'),
(71, 9, 6, '5 gr.'),
(72, 33, 6, '5 gr.'),
(73, 8, 6, '10 ml.'),
(74, 44, 7, '400 gr.'),
(75, 45, 7, '500 gr.'),
(76, 46, 7, '500 gr.'),
(77, 47, 7, '250 gr.'),
(78, 19, 8, '1 diente'),
(79, 31, 9, '280 ml.'),
(80, 54, 10, '500 gr.'),
(81, 55, 10, '2 ud.'),
(82, 56, 10, '200 gr.'),
(83, 57, 10, '200 gr.'),
(84, 58, 10, '1 ud.'),
(85, 59, 10, '1 ud.'),
(86, 60, 10, '1 ud.'),
(87, 30, 10, '2 ud.'),
(88, 19, 10, '2 dientes'),
(89, 8, 10, '10 ml.'),
(90, 5, 11, '2 ud.'),
(91, 60, 11, '1 kg.'),
(92, 7, 11, '1 ud.'),
(93, 18, 11, '100 ml.'),
(94, 17, 11, '125 gr.'),
(95, 2, 11, '50 gr.'),
(96, 8, 11, '10 ml.'),
(97, 25, 11, '5 gr.'),
(98, 21, 11, '5 gr.'),
(99, 9, 11, '5 gr.'),
(100, 28, 12, '2 ud.'),
(101, 19, 12, '2 dientes'),
(102, 4, 12, '1 ud.'),
(103, 32, 12, '10 gr.'),
(104, 6, 12, '4 ud.'),
(105, 62, 12, '300 gr.'),
(106, 18, 12, '20 ml.'),
(107, 34, 12, '10 ml.'),
(108, 21, 12, '5 gr.'),
(109, 8, 12, '10 ml.'),
(110, 9, 12, '5 gr.');

-- 
-- Dumping data for table consultan
--
-- Table lasrecetucas.consultan does not contain any data (it is empty)

-- 
-- Dumping data for table comentan
--
-- Table lasrecetucas.comentan does not contain any data (it is empty)

-- 
-- Restore previous SQL mode
-- 
/*!40101 SET SQL_MODE=@OLD_SQL_MODE */;

-- 
-- Enable foreign keys
-- 
/*!40014 SET FOREIGN_KEY_CHECKS = @OLD_FOREIGN_KEY_CHECKS */;